writer_classes,idx
一弗造像,0
丁佛言,1
丁敬,2
丁文蔚,3
丁道护,4
丁道识,5
万上遴,6
万庭珝,7
万经,8
三体石经,9
三公山神碑,10
三公碑,11
三国志残卷,12
三级浮囟碑,13
三老忌日碑,14
上尊号碑,15
上条信山,16
不空和尚碑,17
不箕簋,18
东门当砖,19
严可均,20
严坤,21
严朱点,22
严衍,23
中书王,24
中岳灵庙碑,25
丰坊,26
丰熙,27
主峰禅师碑,28
乃贤,29
义桥石像碑,30
乐生墓志,31
乔一琦,32
乙瑛碑,33
九年卫鼎,34
于文傅,35
于谦,36
五年师旂簋,37
五涣之,38
五经文字,39
井寂严,40
仇远,41
仓颉庙碑,42
代国公主碑,43
令鼎,44
仰嘉祥,45
仲举残石,46
仲殊,47
任伯年,48
任淇,49
任询,50
伊念曾,51
伊秉绶,52
伊立勋,53
优填王造像,54
会稽刻石,55
伯远帖,56
何吾驺,57
何子贞,58
何氏,59
何澄,60
何焯,61
何玙,62
何琪,63
何秉绶,64
何绍京,65
何绍基,66
何震,67
余阙,68
余集,69
佚名,70
佛本行集经,71
作册令簋,72
侯官碑,73
侯官简,74
侯肇墓志,75
促学残石,76
俞俊,77
俞和,78
俞庸,79
俞时笃,80
俞曲园,81
俞樾,82
俞镐,83
信法寺碑,84
倪元璐,85
倪瓒,86
傅山,87
傅栻,88
傅申,89
傅连生,90
僧义福塔铭,91
僧道略造象,92
元人,93
元倪墓志,94
元嘉题记,95
元宴斋十三行,96
元帝,97
元恭墓志,98
元显俊墓志,99
元显嫔墓志,100
元珍墓志,101
元瑛墓志,102
元群造像,103
元羽墓志,104
元详造像,105
元钟墓志,106
元马璁墓志,107
充公颂,108
兖公颂,109
兴福寺碑,110
内藤湖南,111
冒襄,112
写经残卷,113
冯之振,114
冯京,115
冯子振,116
冯宿碑,117
冯承素,118
冯承辉,119
冯敏昌,120
冯桂芬,121
冯登府,122
出师颂,123
刁遵墓志,124
刘仲游,125
刘伶,126
刘基,127
刘墉,128
刘岳申,129
刘庚,130
刘彧,131
刘怀民墓志,132
刘智墓志,133
刘正夫,134
刘沂,135
刘炟,136
刘焘,137
刘然,138
刘熊碑,139
刘环之,140
刘珍墓志,141
刘珏,142
刘穆之,143
刘致,144
刘西台,145
刘贤墓志,146
刘超,147
刘韬墓志,148
刘韬碑,149
刻石,150
功,151
励宗万,152
包世臣,153
包虎臣,154
北海王造像,155
匿名,156
十三字残碑,157
华世奎,158
华喦,159
华复,160
华山碑,161
华山神庙碑,162
单当,163
南安公碑,164
卜舜年,165
卞壸,166
卞壼,167
卢藏用,168
卫仁近,169
卫夫人,170
卫恒,171
卫瓘,172
卫铄,173
卷菱湖,174
口授铭,175
古人,176
古写经,177
古法帖,178
古碑,179
古碑文,180
句曲戴仁,181
只游,182
可无,183
史大典,184
史惟则,185
史晨碑,186
史浩,187
史游,188
史部南曹幢,189
史颂鼎,190
叶慧明碑,191
叶方蔼,192
叶梦得,193
叶清臣,194
叶衡,195
司寇良父壶,196
司马丕,197
司马元兴墓志,198
司马光,199
司马岳,200
司马懿,201
司马攸,202
司马攸帖,203
司马敬墓志,204
司马昞造像,205
司马昱,206
司马显姿墓,207
司马景和墓志,208
司马景和妻墓志,209
司马曜,210
司马炎,211
司马睿,212
司马绍,213
司马道子,214
吊比干文,215
后花园天皇,216
吏部南曹幢,217
向秀,218
吕公弼,219
吕嘉问,220
吕大防,221
吕望表,222
吕留良,223
吕秀严,224
君子残石,225
启法寺碑,226
吴云,227
吴传经,228
吴余庆,229
吴作人,230
吴傅明,231
吴光祖,232
吴历,233
吴咨,234
吴大澂,235
吴大澄,236
吴宽,237
吴庭康,238
吴德潇,239
吴志淳,240
吴昌硕,241
吴熙载,242
吴琚,243
吴睿,244
吴紫钧,245
吴纳,246
吴育,247
吴荣光,248
吴让之,249
吴说,250
吴越王,251
吴通微,252
吴通徵,253
吴锡鳞,254
吴锡麒,255
吴镇,256
吴隐,257
周之训,258
周亮工,259
周公祠碑,260
周天球,261
周彩,262
周星诒,263
周梦台,264
周砥,265
周远志造象,266
周邦彦,267
周顺昌,268
周驰,269
哀帝,270
唐人,271
唐伯虎,272
唐俭碑,273
唐太宗,274
唐寅,275
唐炯,276
唐玄宗,277
唐翰题,278
唐高宗,279
圣母寺造象,280
圭岭禅师碑,281
圭峰禅师碑,282
墓志,283
夏之勋,284
夏承碑,285
多友簋,286
大乘妙偈碑,287
大佑,288
大安寺香炉,289
大师簋,290
大盂鼎,291
大簋,292
天麟,293
太妃侯造像,294
太平寺记,295
奚冈,296
妒神颂,297
始平公造像,298
始平公造象,299
姚元之,300
姚士璋,301
姚夫人槿葬石表,302
姚孟起,303
姚广孝,304
姚彝碑,305
姚懿碑,306
姚正镛,307
姚浙,308
姚玭,309
姚绶,310
姚辩墓志,311
姜媛公刘庙,312
姜媛公刘庙碑,313
姜嫄公刘碑,314
姜嫄公碑,315
姜宸英,316
姜尧章,317
姜立纲,318
威武简,319
娄坚,320
子游残石,321
孔宙碑,322
孔彪碑,323
孔琳之,324
孔继涑,325
孔羡碑,326
孔贞运,327
孔颖达碑,328
字汇,329
孙义普墓志,330
孙保造像,331
孙均,332
孙岳颁,333
孙承泽,334
孙星衍,335
孙甫,336
孙秋生造像,337
孙胤奇,338
孙藏器,339
孙虔礼,340
孙觌,341
孙过庭,342
孙鼎,343
孝文帝造像,344
孟子墓表,345
孟氏造像,346
宁质碑,347
宇留野,348
安乐王墓志,349
安定王墓志,350
宋人,351
宋仲墓志,352
宋儋,353
宋克,354
宋兴之,355
宋头伯造象,356
宋孝宗,357
宋文蔚,358
宋明帝,359
宋景碑侧,360
宋曹,361
宋湘,362
宋濂,363
宋珏,364
宋璟碑侧,365
宋璲,366
宋蔼吉,367
宋适,368
宋遂,369
宋高宗,370
宗克,371
定县简,372
宣帝,373
寂严,374
寂照和尚碑,375
寂熙和尚碑,376
寂观,377
富弼,378
封龙山碑,379
尉富娘墓志,380
小阪奇石,381
尔朱端墓志,382
尹善斡墓志,383
尹基声,384
居延简,385
屈大均,386
屠倬,387
屠隆,388
山涛,389
岱岳观题名,390
岳正,391
岳飞,392
崔府君墓志,393
崔敬邕墓志,394
崔瑗,395
崔蕃墓志,396
嵇康,397
嵩山陀罗尼经,398
嵩高灵庙碑,399
左元异墓石,400
左光斗,401
左棻墓志,402
左运奎,403
巴慰祖,404
师虎簋,405
师袁簋,406
师酉簋,407
常才造象,408
干文传,409
干禄,410
干缘,411
干缘字书,412
平乾虎造像,413
幻住子,414
广居,415
广武将军碑,416
庄赓良,417
庚赢卣,418
庞温修寺碑,419
康与之,420
康帝,421
康有为,422
康玢陀罗尼经,423
康里子山,424
庾亮,425
庾元亮,426
庾翼,427
廖纶,428
廖道南,429
延庆道场碑,430
建宁残石,431
弗密,432
弘历,433
张世伟,434
张之象,435
张九成,436
张从申,437
张令晓告勅,438
张俊允碑,439
张元祖造像,440
张公礼,441
张兴墓志,442
张凤翼,443
张华,444
张即之,445
张君碑,446
张商英,447
张奎,448
张姜墓志,449
张孙朴,450
张孝祥,451
张宇初,452
张家山简,453
张寿碑,454
张山子碑,455
张廉卿,456
张廷济,457
张弼,458
张思文造象,459
张惠言,460
张方平,461
张旭,462
张景碑,463
张朏墓志,464
张朗碑,465
张氏墓志,466
张永昌刻石,467
张浚,468
张源墓志,469
张照,470
张熊,471
张燕昌,472
张猛龙碑,473
张玄墓志,474
张珪,475
张琮碑,476
张瑞图,477
张石碑,478
张祖翼,479
张绅,480
张维屏,481
张羽,482
张翼,483
张舜民,484
张芝,485
张表碑,486
张裕刘,487
张裕剑,488
张裕钊,489
张贵南墓志,490
张轸墓志,491
张轸第二志,492
张辽,493
张迁碑,494
张逸碑,495
张雨,496
张骏,497
张鼎,498
归庄,499
录伯冬簋,500
录望表,501
彭女鼎,502
彭好古,503
彭年,504
彭慰祖,505
彭桷,506
徐三庚,507
徐份,508
徐伯清,509
徐元文,510
徐号碑,511
徐同柏,512
徐坚,513
徐夫人墓志,514
徐峤之,515
徐康,516
徐惟琨,517
徐方增,518
徐有贞,519
徐树铭,520
徐楙,521
徐浩,522
徐浩碑,523
徐渤,524
徐渭,525
徐珙,526
徐用锡,527
徐真木,528
徐祖燊,529
徐秉义,530
徐良,531
徐贯,532
徐铉,533
徐霖,534
御史台碑阴,535
御吏台碑阴,536
德阳公碑,537
怀素,538
恽寿平,539
惠感造像,540
惠栋,541
感孝颂,542
慧政造像,543
戌嗣鼎,544
成晃墓碑,545
戚继光,546
戴令言墓志,547
戴千龄,548
戴晓峰,549
戴熙,550
戴震,551
房周陀墓志,552
房山佛经,553
房山华严经,554
房山华岩经,555
扬溪斯,556
护草体,557
报德象碑,558
据孙过庭,559
据私圣武天皇,560
据草书,561
据草体,562
掳王羲之,563
掳草体,564
揭傒斯,565
散氏盘,566
敬世江,567
敬使君碑,568
敬善寺石象铭,569
敬客,570
文与可,571
文亮,572
文信,573
文元祥,574
文及,575
文同,576
文嘉,577
文天祥,578
文孝王,579
文彦博,580
文彭,581
文征明,582
文徵明,583
文皇哀册,584
文石,585
文蔚,586
文震孟,587
斐休,588
方孝孺,589
方朔,590
方薰,591
方镐,592
施宜生,593
无可,594
日下部鸣鹤,595
旦极寒帖,596
旧馆坛碑,597
明人,598
明神宗,599
明纲,600
昭仁寺碑,601
昭陵陀罗尼经,602
晋武帝,603
晋真帝,604
晖福寺碑,605
景君碑,606
景贤大师塔记,607
智果,608
智永,609
智舷,610
智邕,611
暴永墓志,612
曹世模,613
曹全碑,614
曹思邈,615
曹申锡,616
曹真碑,617
曹秀先,618
曾伯灵簋,619
曾国藩,620
曾布,621
曾棨,622
曾熙,623
曾纡,624
曾纪泽,625
曾肇,626
月仪帖,627
朝侯残碑,628
朱之,629
朱君山刻石,630
朱君山墓志,631
朱大韶,632
朱岷,633
朱彝尊,634
朱德润,635
朱敦儒,636
朱文震,637
朱杰,638
朱永隆造象,639
朱熹,640
朱瞻基,641
朱美圭,642
朱耷,643
李世倬,644
李世民,645
李东益,646
李东阳,647
李之仪,648
李仁德墓志,649
李侍问,650
李倜,651
李兆洛,652
李光地,653
李光颜碑,654
李北海,655
李卓吾,656
李君佛龛碑,657
李嘉福,658
李孟初碑,659
李宗瀚,660
李应祯,661
李建中,662
李建泰,663
李彭,664
李德裕,665
李怀林,666
李怀琳,667
李敦兴,668
李文墓志,669
李日华,670
李权,671
李枢,672
李柏,673
李柏文残纸,674
李椿林,675
李氏再修功德记,676
李氏功德碑,677
李治,678
李泂,679
李流芳,680
李演洪象造,681
李煜,682
李瑞清,683
李璧碑,684
李白,685
李祁,686
李秀残碑,687
李纲,688
李赓芸,689
李超墓志,690
李辅跃,691
李邕,692
李隆基,693
李靖,694
李靖碑,695
李鱓,696
李鲜,697
李鳝,698
李鹤录,699
村上三岛,700
杜君绰碑,701
杜夫人墓志,702
杜牧,703
杜禧,704
杜良臣,705
杜衍,706
杜预,707
杨万里,708
杨中纳,709
杨伯起碑,710
杨凝式,711
杨叔恭碑,712
杨大眼造像,713
杨守敬,714
杨宗白,715
杨宾,716
杨岘,717
杨德墓志,718
杨慎,719
杨所修,720
杨文岳,721
杨文聪,722
杨文骢,723
杨无咎,724
杨沂孙,725
杨法,726
杨淮表记,727
杨溥,728
杨统碑,729
杨维桢,730
杨维祯,731
杨羲和,732
杨锐,733
杨震碑,734
杭世骏,735
枋口河记,736
林佑,737
林则徐,738
林国梁,739
林增志,740
林希,741
林瀚,742
林藻,743
林藻手札,744
林近,745
林逋,746
某法师行记,747
某讳墓志,748
查升,749
查士标,750
查继佐,751
柯九思,752
柳公权,753
柳天宠,754
柳贯,755
柳钦旦,756
柳魏公碑,757
校官潘乾碑,758
校官碑,759
根法师碑,760
桂彦良,761
桂馥,762
桐柏庙碑,763
桓温,764
梁佩兰,765
梁同书,766
梁启超,767
梁巘,768
梁师亮墓志,769
梁披云,770
梁武帝,771
梅庚,772
梅植之,773
梅调鼎,774
梦华三,775
梦英,776
楼兰简,777
楼兰简牍,778
楼钥,779
樊敏碑,780
橘逸势,781
欧阳修,782
欧阳玄,783
欧阳询,784
欧阳通,785
正侁墓志,786
正直残石,787
武亿,788
武则天,789
武威简,790
武帝,791
武德忆,792
武梁刻石,793
残佛经,794
残墓志,795
残私经,796
残莲花经,797
残造塔碑,798
段志元碑,799
段沙弥造象,800
殷今名,801
殷令名,802
毕泷,803
毗迦公主墓志,804
毛公鼎,805
毛奇龄,806
毛庚,807
毛承基,808
毛树棠,809
毛泽东,810
毛滂,811
永安侯墓志,812
永安碑,813
永寿二年瓮,814
永板石埭,815
汇编,816
汇辑,817
汇辨,818
汉人,819
江凤彝,820
江德地,821
江恂,822
池大雅,823
池阳令碑,824
汤焕,825
汤贻汾,826
汤贻芬,827
汪仁寿,828
汪启淑,829
汪士慎,830
汪士鋐,831
汪士骧,832
汪大经,833
汪应辰,834
汪泽民,835
汪端光,836
汪藻,837
汪钧,838
汪鸣銮,839
沈传师,840
沈兆霖,841
沈右,842
沈君阙,843
沈周,844
沈嘉,845
沈基庶,846
沈复,847
沈学植,848
沈守廉,849
沈寐叟,850
沈度,851
沈懋,852
沈懋孝,853
沈树镛,854
沈瑞童,855
沈粲,856
沈约,857
沈荃,858
沈藻,859
沈辽,860
沈遘,861
沙神芝,862
法生造像,863
法若真,864
法藏神师塔,865
法门寺涅槃经,866
波罗密多经,867
泰不华,868
泰山刻石,869
泰山金刚经,870
洪亮吉,871
洪宝造像,872
洪范,873
济渍庙器记,874
济渎庙器具记,875
济渎庙记,876
浔业塔铭,877
海瑞,878
淳化阁帖,879
清人,880
渊龄皋,881
温泉颂,882
游酢,883
潘受,884
潘天寿,885
潘祖荫,886
澧水稿记,887
濮士钤,888
灵严寺碑,889
灵藏造像记,890
焦君碑,891
焦循,892
熹平石经,893
爨宝子碑,894
爨龙颜碑,895
牛晖墓志,896
牛橛造像,897
狄仁杰,898
狄知县残碑,899
狄知县碑,900
狄知孙残碑,901
狄知孙碑,902
玄宗,903
玄烨,904
玉真公主受道记,905
玉真公主记,906
王世懋,907
王世贞,908
王世镗,909
王个移,910
王丹虎墓志,911
王之望,912
王云,913
王仲建墓志,914
王份,915
王僧墓志,916
王僧虔,917
王僧虞,918
王元佑造像,919
王元燮,920
王元燮造像,921
王凝之,922
王劭,923
王十朋,924
王升,925
王原祁,926
王同,927
王同愈,928
王图炳,929
王均,930
王坦之,931
王基碑,932
王士祯,933
王孟端,934
王守仁,935
王安石,936
王宠,937
王导,938
王尔度,939
王居士砖塔铭,940
王履清,941
王巖叟,942
王巗叟,943
王巩,944
王已千,945
王庆墓志,946
王庭筠,947
王廙,948
王廞,949
王廷龙,950
王循,951
王徽之,952
王志,953
王恬,954
王慈,955
王懿荣,956
王操之,957
王敦,958
王敬客,959
王文汉,960
王文治,961
王时敏,962
王昇,963
王昙首,964
王昶,965
王晋卿,966
王杰,967
王榖祥,968
王民,969
王洽,970
王涣之,971
王澍,972
王濛,973
王献,974
王献之,975
王珉,976
王珣,977
王瓘,978
王異帖,979
王直,980
王知名,981
王知敬,982
王稚登,983
王筠,984
王缙,985
王羲之,986
王羲和造象,987
王肯堂,988
王良相,989
王芑孙,990
王荟,991
王蒙,992
王行满圣教序,993
王衍,994
王觌,995
王诜,996
王逢,997
王邃,998
王鏊,999
王钦,1000
王铎,1001
王问,1002
王闽之墓志,1003
王闿运,1004
王震,1005
王颂餘,1006
王鸿绪,1007
甘谷简,1008
田侁墓志,1009
田公德政碑,1010
田原,1011
田颖,1012
申兆定,1013
申时行,1014
画图赞文,1015
白宗杨,1016
白居易,1017
白延,1018
白珽,1019
白石君碑,1020
白道生碑,1021
白鹤观碑,1022
皇甫驎墓志,1023
皇象,1024
盂鼎,1025
盛彪,1026
真藤,1027
睡虎地简,1028
瞿中溶,1029
石夫人墓志,1030
石婉墓志,1031
石定墓志,1032
石尠墓志,1033
石涛,1034
石渠,1035
石经,1036
石经仪礼,1037
石经公羊,1038
石经周易,1039
石经周礼,1040
石经孝经,1041
石经尔雅,1042
石经尚书,1043
石经左传,1044
石经左傅,1045
石经左碑,1046
石经毂梁,1047
石经毛诗,1048
石经礼记,1049
石经论语,1050
石门颂,1051
石鼓文,1052
破山,1053
破门,1054
礼器碑,1055
礼实,1056
祁文藻,1057
祁藻,1058
祖瑛,1059
祝世禄,1060
祝允明,1061
祝枝山,1062
神宗,1063
禇遂良,1064
福德,1065
秦夔,1066
秦文锦,1067
秦旭,1068
秦观,1069
程京萼,1070
程南云,1071
程太约,1072
程幼博,1073
程敏政,1074
程正揆,1075
程涓,1076
程瑶田,1077
程荃,1078
空海,1079
章帝,1080
章惇,1081
章钟,1082
章钰,1083
童大年,1084
童珏,1085
符璘碑,1086
符璨碑,1087
符麟碑,1088
笪重光,1089
等慈寺碑,1090
简文帝,1091
简牍,1092
管氏碑,1093
管道升,1094
米万钟,1095
米元晖,1096
米元章,1097
米友仁,1098
米无章,1099
米汉雯,1100
米芾,1101
索靖,1102
纪圣碑阴,1103
纪大复,1104
纪昀,1105
纪瞻,1106
绢本十三行,1107
维则,1108
罗志仁,1109
罗振玉,1110
羊欣,1111
翁同和,1112
翁方纲,1113
翁正春,1114
翁闓运,1115
翟中溶,1116
翟云升,1117
翟汝文,1118
老君石象碑,1119
老群石象碑,1120
耶律楚材,1121
聂大年,1122
肃思亮墓志,1123
肖劳,1124
肖娴,1125
肥致碑,1126
胡义赞,1127
胡俨,1128
胡唐,1129
胡安国,1130
胡应宿,1131
胡沂,1132
胡澍,1133
胡长孺,1134
胡问遂,1135
胡震,1136
胤祯,1137
舀簋,1138
花杰,1139
苏东坡,1140
苏六朋,1141
苏大年,1142
苏孝慈墓志,1143
苏恒墓志,1144
苏洵,1145
苏灵芝,1146
苏稷,1147
苏舜元,1148
苏舜钦,1149
苏襄,1150
苏轼,1151
苏辙,1152
苏过,1153
苏迈,1154
苏迟,1155
英和,1156
范仲淹,1157
范允临,1158
范凤仁,1159
范大午,1160
范夫人墓志,1161
范式碑,1162
范成大,1163
范永祺,1164
范百禄,1165
范纯粹,1166
草书韵会,1167
草书韵辨,1168
草字弃,1169
草字汇,1170
莘开,1171
莫云卿,1172
莫友芝,1173
莫如忠,1174
莫昌,1175
莫是龙,1176
莫雲卿,1177
菅洛碑,1178
萧子云,1179
萧思亮墓志,1180
萧思话,1181
萧憺碑,1182
萧瑾墓志,1183
萧纲,1184
萧衍,1185
萧道成,1186
葛同,1187
葛应典,1188
董仲则,1189
董其昌,1190
董其是,1191
董大年,1192
董孝夫,1193
董洵,1194
董浩,1195
董琰,1196
董美人墓志,1197
董邦达,1198
蒋之奇,1199
蒋善进,1200
蒋溥,1201
蒋灿,1202
蒋璨,1203
蒋衡,1204
蒯关保,1205
蒲华,1206
蒲宗孟,1207
蓝瑛,1208
蔡京,1209
蔡修,1210
蔡卞,1211
蔡恭绰,1212
蔡景行,1213
蔡松年,1214
蔡羽,1215
蔡翛,1216
蔡襄,1217
蔡鼎昌,1218
薄绍之,1219
薛收碑,1220
薛曜,1221
薛植,1222
薛稷,1223
薛绍彭,1224
虎关师炼,1225
虞世南,1226
虞允文,1227
虞集,1228
虢季子白盘,1229
衡和,1230
衡方碑,1231
衡环,1232
袁博碑,1233
袁易,1234
袁桷,1235
裴休,1236
裴催,1237
裴平,1238
裴氏墓志,1239
裴煜,1240
裴英淑,1241
褚世禄,1242
褚庭诲,1243
褚德彝,1244
褚遂良,1245
西川宁,1246
西狭颂,1247
解伯达造像,1248
解伯都造像,1249
解祯期,1250
解缙,1251
詹希原,1252
詹景凤,1253
许三庚,1254
许友,1255
许复善,1256
许威,1257
许梦丰,1258
许连,1259
说文解字,1260
谢万,1261
谢克家,1262
谢发,1263
谢壮,1264
谢安,1265
谢庄,1266
谢庸,1267
谢无量,1268
谢景卿,1269
谢蕃伯,1270
谢谔,1271
谢铎,1272
谢鲲墓志,1273
谯君碑,1274
谷朗碑,1275
豁钟,1276
贡奎,1277
费丹旭,1278
费密,1279
贺兰汗造像,1280
贺知章,1281
贺若谊碑,1282
贺若谖碑,1283
贺铸,1284
贾使君碑,1285
贾思伯碑,1286
赖少其,1287
赵严,1288
赵之琛,1289
赵之谦,1290
赵令畤,1291
赵佶,1292
赵侯残碑,1293
赵奕,1294
赵子昂,1295
赵子郇,1296
赵孟俯,1297
赵孟坚,1298
赵孟頫,1299
赵宦光,1300
赵宽碑,1301
赵岩,1302
赵慎,1303
赵懿,1304
赵文欢造像,1305
赵时纲,1306
赵昱,1307
赵构,1308
赵氏墓志,1309
赵炅,1310
赵盛周,1311
赵睿,1312
赵瞳,1313
赵福,1314
赵秉冲,1315
赵秉文,1316
赵耆,1317
赵芬残碑,1318
赵菿残碑,1319
赵陶斋,1320
赵雍,1321
赵顼,1322
赵魏,1323
赵麟,1324
转输王经,1325
辟雍碑,1326
辨体,1327
边武,1328
边达碑,1329
达受,1330
迈上遴,1331
近人,1332
迪亚当,1333
述圣颂,1334
道兴造象,1335
道匠造像,1336
道潜,1337
道端造寺,1338
道端造象,1339
邓传密,1340
邓大澄,1341
邓奎,1342
邓拓,1343
邓文原,1344
邓石如,1345
邢侗,1346
邢慈静,1347
邵二泉,1348
邵仲恭,1349
邵嘉生,1350
邵宝,1351
邵褫,1352
邹一桂,1353
邹嘉生,1354
邹嘉里,1355
邹德基,1356
邾公华钟,1357
郑之勉,1358
郑传密,1359
郑固碑,1360
郑奎,1361
郑孝胥,1362
郑审则,1363
郑时,1364
郑晟,1365
郑板桥,1366
郑汝霖,1367
郑海,1368
郑道忠墓志,1369
郑道昭,1370
郑长猷造像,1371
郗愔,1372
郗超,1373
郗鉴,1374
郛休碑,1375
郭天锡,1376
郭季珣,1377
郭家庙碑阴,1378
郭尚先,1379
郭有道碑,1380
郭槐铭,1381
郭沫若,1382
郭泰碑,1383
郭王墓志,1384
郭畀,1385
郭青垲,1386
郭麟,1387
释竺摩,1388
释道潜,1389
野村素轩,1390
金仙公主石经碑,1391
金仙公主造石经,1392
金农,1393
金圣叹,1394
金子鸥亭,1395
金幼孜,1396
金文,1397
金琮,1398
金相用,1399
金膺显,1400
金闻韶,1401
金阐韵,1402
钟权,1403
钟繇,1404
钟鹞,1405
钮树玉,1406
钱侗,1407
钱俶,1408
钱倜,1409
钱公辅,1410
钱勰,1411
钱南园,1412
钱大昕,1413
钱崖,1414
钱庆会,1415
钱松,1416
钱泳,1417
钱溥,1418
钱澧,1419
钱玷,1420
钱穆父,1421
钱良右,1422
钱陈群,1423
钱鸿禹,1424
铁保,1425
铁舟,1426
银雀山简,1427
锺寅,1428
锺繇,1429
锺绍京,1430
阙明墓志,1431
阮元,1432
阮分,1433
阮咸,1434
阮研,1435
阮籍,1436
阳嘉残石,1437
阳泉炉铭,1438
陀罗尼咒,1439
陀罗尼经,1440
陆东之籣亭诗,1441
陆丞相,1442
陆云,1443
陆先妃碑,1444
陆士仁,1445
陆居仁,1446
陆应阳,1447
陆恢,1448
陆机,1449
陆柬之,1450
陆深,1451
陆游,1452
陆源,1453
陆秀夫,1454
陆绍景,1455
陆继善,1456
陆羽,1457
陆风墀,1458
陈与义,1459
陈与羲,1460
陈义墓志,1461
陈伯智,1462
陈允升,1463
陈元素,1464
陈元龙,1465
陈兆仑,1466
陈兴义,1467
陈叔亮,1468
陈叔怀,1469
陈基,1470
陈士衡,1471
陈声桂,1472
陈奕禧,1473
陈字,1474
陈师锡,1475
陈希濂,1476
陈彭寿,1477
陈恭尹,1478
陈敬宗,1479
陈文东,1480
陈旸,1481
陈昭祥,1482
陈暘,1483
陈有宗,1484
陈沂,1485
陈洪绶,1486
陈淳,1487
陈潮,1488
陈澧,1489
陈献章,1490
陈璧,1491
陈瓘,1492
陈祖润,1493
陈秀民,1494
陈绎曾,1495
陈继儒,1496
陈豫钟,1497
陈达,1498
陈逵,1499
陈道俊,1500
陈道复,1501
陈邦彦,1502
陈鉴,1503
陈铣,1504
陈鳣,1505
陈鸿寿,1506
陶南望,1507
陶大举碑,1508
陶望龄,1509
陶澍,1510
隆阐禅师卑,1511
隋人,1512
隶辨,1513
雷询墓志,1514
鞠彦云墓志,1515
韦和尚墓志,1516
韩世忠,1517
韩仁铭,1518
韩元吉,1519
韩天寿,1520
韩玙,1521
韩琦,1522
韩秀宝,1523
韩秀弼,1524
韩绎,1525
韩绛,1526
韩道亨,1527
韩驹,1528
音绍京,1529
顾可久,1530
顾师古,1531
顾恺之,1532
顾炎武,1533
顾燮光,1534
顾莼,1535
顾蔼吉,1536
顾赓芸,1537
顾鼎臣,1538
颂敦,1539
颂鼎,1540
颜师古,1541
颜真卿,1542
饶介,1543
首山舍利塔,1544
马一浮,1545
马一龙,1546
马刍,1547
马君起造象,1548
马国权,1549
马少敏墓志,1550
马恽墓志,1551
马愈,1552
马振拜造像,1553
马文魁,1554
马曰璐,1555
马王堆帛书,1556
马王堆简书,1557
马鸣寺碑,1558
高为孙造像,1559
高保康,1560
高元裕碑,1561
高其佩,1562
高凤翰,1563
高垲,1564
高士奇,1565
高士廉记,1566
高宗,1567
高尔夔,1568
高庆碑,1569
高延福碑,1570
高桢,1571
高正臣,1572
高湛墓志,1573
高澍造像,1574
高猛妻墓志,1575
高睿修佛寺碑,1576
高行笃,1577
高贞碑,1578
高邕,1579
高闲,1580
高阚,1581
魏了翁,1582
魏公先庙碑,1583
魏栖梧,1584
魏武帝,1585
魏灵藏墓志,1586
魏灵藏造像,1587
魏灵藏造象,1588
鲜于去矜,1589
鲜于枢,1590
鲜于璜碑,1591
鹿居仁,1592
麦尊,1593
黄丕烈,1594
黄亮,1595
黄仲则,1596
黄公敏,1597
黄初碑,1598
黄士陵,1599
黄姬水,1600
黄学圮,1601
黄宾虹,1602
黄山寿,1603
黄庭坚,1604
黄庭经,1605
黄慎,1606
黄易,1607
黄晋,1608
黄楚桥,1609
黄楷瘿,1610
黄清老,1611
黄潜,1612
黄简,1613
黄自元,1614
黄葆戉,1615
黄葆钺,1616
黄起龙,1617
黄轮,1618
黄辉,1619
黄道周,1620
黎简,1621
默曹残碑,1622
龙草庐,1623
龙藏寺碑,1624
龙门涅盘经,1625
龚开,1626
龚晴皋,1627
龚肃,1628
龚贤,1629
